<odoo>
<data noupdate="1">
    <record model="ir.rule" id="account_payment_group_comp_rule">
        <field name="name">Account payment group company rule</field>
        <field name="model_id" ref="model_account_payment_group"/>
        <field name="global" eval="True"/>
        <field name="domain_force">['|',('company_id', 'in', company_ids),('company_id','=',False)]</field>
    </record>

    <record id="receiptbook_comp_rule" model="ir.rule">
        <field name="name">Receiptbook Line multi-company</field>
        <field name="model_id" ref="model_account_payment_receiptbook"/>
        <field eval="True" name="global"/>
        <field name="domain_force">['|',('company_id', 'in', company_ids),('company_id','=',False)]</field>
    </record>

    <!-- por defecto desactivamos los menus nativos de odoo pero se pueden reactivar -->
    <record id="account_confirm_payment" model="res.groups">
        <field name="name">Confirm payments (only if double validation is enabled)</field>
        <field name="implied_ids" eval="[(4, ref('account.group_account_invoice'))]"/>
        <field name="users" eval="[(4, ref('base.user_root'))]"/>
    </record>

    <!-- por defecto desactivamos los menus nativos de odoo pero se pueden reactivar -->
    <record id="account_see_payment_menu" model="res.groups">
        <field name="name">See Payments Menu</field>
        <field name="category_id" ref="base.module_category_hidden"/>
        <!-- we inherit this group becaus eby default this menus are visible for that group -->
        <!-- al final mejor no lo heredamos porque al activar see payments menu entonces se le asigna a todos contabilidad -->
        <!-- <field name="implied_ids" eval="[(4, ref('account.group_account_user'))]"/> -->
    </record>

    <record model="res.groups" id="group_choose_payment_type">
        <field name="category_id" ref="base.module_category_hidden"/>
        <field name="name">Choose Payment Type on Payments</field>
    </record>

    <record model="res.groups" id="group_pay_now_customer_invoices">
        <field name="category_id" ref="base.module_category_hidden"/>
        <field name="name">Allow pay now on customer invoices</field>
    </record>

    <record model="res.groups" id="group_pay_now_vendor_invoices">
        <field name="category_id" ref="base.module_category_hidden"/>
        <field name="name">Allow pay now on vendor invoices</field>
    </record>

</data>
<data>
    <!-- by default we enable it -->
    <record model="res.groups" id="base.group_user">
        <field name="implied_ids" eval="[(4, ref('group_choose_payment_type'))]"/>
    </record>

</data>
</odoo>
