<?xml version="1.0" encoding="utf-8"?>
<odoo>

    <record id="sale_price_unit_with_tax" model="res.groups">
        <field name="name">Sale Unit Prices w/ Taxes</field>
        <field name="category_id" ref="base.module_category_hidden"/>
    </record>


    <record id="use_sale_checkbook" model="res.groups">
        <field name="name">View Sale Order Checkbook</field>
        <field name="category_id" ref="base.module_category_hidden"/>
    </record>

    <record id="sale_checkbook_comp_rule" model="ir.rule">
        <field name="name">Sale Checkbook multi-company</field>
        <field name="model_id" ref="model_sale_checkbook"/>
        <field name="global" eval="True"/>
        <field name="domain_force">['|',('company_id','=',False),('company_id', 'in', company_ids)]</field>
    </record>

</odoo>
