<?xml version="1.0" encoding="utf-8"?>
<odoo noupdate="1">

    <record id="account_payment_method_in_withholding" model="account.payment.method">
        <field name="name">Withholding</field>
        <field name="code">withholding</field>
        <field name="payment_type">inbound</field>
    </record>

    <record id="account_payment_method_out_withholding" model="account.payment.method">
        <field name="name">Withholding</field>
        <field name="code">withholding</field>
        <field name="payment_type">outbound</field>
    </record>

</odoo>
