<?xml version="1.0" encoding="utf-8"?>
<odoo>
    <data>

        <record id="with_monthly" model="account.tax">
            <field name="description">Ret acum mensual</field>
            <field name="name">Retención 10% acumulada mensual</field>
            <!-- <field name="tax_code_id" ref="l10n_ar_invoice.ri_tax_code_retencion_iva_aplicada"/> -->
            <!-- <field name="ref_tax_code_id" ref="l10n_ar_invoice.ri_tax_code_retencion_iva_aplicada"/> -->
            <field name="withholding_amount_type">total_amount</field>
            <field name="withholding_accumulated_payments">month</field>
            <field name="withholding_type">based_on_rule</field>
            <!-- <field name="type">percentage</field> -->
            <!-- <field name="amount" eval="0.10"/> -->
            <field name="withholding_advances" eval="False"/>
            <field name="withholding_non_taxable_minimum" eval="100"/>
            <field name="withholding_non_taxable_amount" eval="100"/>
            <!-- <field name="account_id" ref="account.rsa"/> -->
            <!-- <field name="ref_account_id" ref="account.rsa"/> -->
            <field name="type_tax_use">supplier</field>
            <field name="company_id" ref="base.main_company"/>
        </record>
        <record id="with_monthly_rule_1" model="account.tax.withholding.rule">
            <field name="tax_withholding_id" ref="with_monthly"/>
            <field name="percentage" eval="0.10"/>
            <field name="fix_amount" eval="5.0"/>
        </record>

        <record id="with_no_acum" model="account.tax">
            <field name="description">Ret no acum</field>
            <field name="name">Retención 15% no acumulada</field>
            <!-- <field name="tax_code_id" ref="l10n_ar_invoice.ri_tax_code_retencion_iva_aplicada"/> -->
            <!-- <field name="ref_tax_code_id" ref="l10n_ar_invoice.ri_tax_code_retencion_iva_aplicada"/> -->
            <field name="withholding_amount_type">untaxed_amount</field>
            <field name="withholding_accumulated_payments"></field>
            <field name="withholding_type">based_on_rule</field>
            <!-- <field name="amount" eval="0.15"/> -->
            <field name="withholding_non_taxable_minimum" eval="0"/>
            <field name="withholding_non_taxable_amount" eval="0"/>
            <!-- <field name="account_id" ref="account.rsa"/> -->
            <!-- <field name="ref_account_id" ref="account.rsa"/> -->
            <field name="type_tax_use">supplier</field>
            <field name="company_id" ref="base.main_company"/>
        </record>
        <record id="with_no_acum_rule_1" model="account.tax.withholding.rule">
            <field name="tax_withholding_id" ref="with_no_acum"/>
            <field name="percentage" eval="0.15"/>
            <field name="fix_amount" eval="0.0"/>
        </record>

        <record id="with_no_auto" model="account.tax">
            <field name="description">Ret no auto</field>
            <field name="name">Retención no automatica</field>
            <!-- <field name="account_id" ref="account.rsa"/> -->
            <!-- <field name="ref_account_id" ref="account.rsa"/> -->
            <field name="type_tax_use">supplier</field>
            <field name="company_id" ref="base.main_company"/>
        </record>


    </data>
</odoo>
