<odoo noupdate="1">

    <!-- Only read permission Journals Rules -->

    <!-- en realidad bloqueamos lectura para que no lo vean y no lo puedan elegir, la idea es que los usuarios de este tipo ven los apuntes y todo pero no pueden registrar, entonces no queremos que eligan el diario -->
    <record model="ir.rule" id="journal_security_mod_rule">
        <field name="name">Journals modifiable by users</field>
        <field name="model_id" ref="account.model_account_journal"/>
        <field name="perm_read" eval="False"/>
        <field name="domain_force">['|', ('modification_user_ids', '=', False), ('id', 'in', user.modification_journal_ids.ids)]</field>
    </record>


    <record model="ir.rule" id="journal_security_mod_rule_account_move">
        <field name="name">Account Move of Jornals modifiable by users</field>
        <field name="model_id" ref="account.model_account_move"/>
        <field name="perm_read" eval="False"/>
        <field name="domain_force">['|', ('journal_id.modification_user_ids', '=' ,False), ('journal_id.id', 'in', user.modification_journal_ids.ids)]</field>
    </record>

    <record model="ir.rule" id="journal_security_mod_rule_account_move_line">
        <field name="name">Account Move Line of Jornals modifiable by users</field>
        <field name="model_id" ref="account.model_account_move_line"/>
        <field name="perm_read" eval="False"/>
        <!-- allow write for reconciliations (for eg. pay one invoice with two journals) -->
        <field name="perm_write" eval="False"/>
        <field name="domain_force">['|', ('move_id.journal_id.modification_user_ids', '=' ,False), ('move_id.journal_id.id', 'in', user.modification_journal_ids.ids)]</field>
        <!-- OJO: Parace que no esta manejando correctamente los campos related en las reglas, El campo aml.journal_id es related stored pero por alguna razon no esta funcionando en la regla no se calcula bien. usando el campo aml.move_id.journal_id soluciona el problema por ahora -->
    </record>

    <record model="ir.rule" id="journal_security_mod_rule_account_payment">
        <field name="name">Account Payments of Jornals modifiable by users</field>
        <field name="model_id" ref="account.model_account_payment"/>
        <field name="perm_read" eval="False"/>
        <field name="domain_force">['|', ('journal_id.modification_user_ids', '=' ,False), ('journal_id', 'in', user.modification_journal_ids.ids)]</field>

    </record>

    <!-- Restricted Users Journals Rules -->

    <record model="ir.rule" id="journal_security_rule">
        <field name="name">Journals restricted to users</field>
        <field name="model_id" ref="account.model_account_journal"/>
        <field name="domain_force">['|', ('user_ids', '=', False), ('id', 'in', user.journal_ids.ids)]</field>
    </record>

    <record model="ir.rule" id="journal_security_rule_account_move">
        <field name="name">Account Move of Jornals restricted to user</field>
        <field name="model_id" ref="account.model_account_move"/>
        <field name="domain_force">['|', ('journal_id.user_ids', '=' ,False), ('journal_id.id', 'in', user.journal_ids.ids)]</field>
    </record>

    <record model="ir.rule" id="journal_security_rule_account_move_line">
        <field name="name">Account Move Line of Jornals restricted to user</field>
        <field name="model_id" ref="account.model_account_move_line"/>
        <field name="domain_force">['|', '|', ('journal_id', '=' ,False), ('journal_id.user_ids', '=' ,False), ('journal_id.id', 'in', user.journal_ids.ids)]</field>
    </record>

    <record model="ir.rule" id="journal_security_rule_account_payment">
        <field name="name">Account Payments of Jornals restricted to user</field>
        <field name="model_id" ref="account.model_account_payment"/>
        <field name="domain_force">['|', ('journal_id.user_ids', '=' ,False), ('journal_id', 'in', user.journal_ids.ids)]</field>
    </record>

</odoo>
