<?xml version="1.0" encoding="UTF-8"?>
<odoo>
    <data noupdate="1">
        <record id="request_caea" model="ir.cron">
            <field name="name">Request caea</field>
            <field name="interval_number">1</field>
            <field name="interval_type">days</field>
            <field name="numbercall">-1</field>
            <field eval="(DateTime.now().replace(hour=5, minute=0) + timedelta(hours=24)).strftime('%Y-%m-%d %H:%M:%S')" name="nextcall"/>
            <field eval="False" name="doall"/>
            <field name="model_id" ref="model_afipws_caea"/>
            <field name="code">model.cron_request_caea()</field>
            <field name="state">code</field>
        </record>

        <record id="timeout_caea" model="ir.cron">
            <field name="name">Timeout caea</field>
            <field name="interval_number">1</field>
            <field name="interval_type">hours</field>
            <field name="numbercall">-1</field>
            <field eval="False" name="doall"/>
            <field name="model_id" ref="model_afipws_caea"/>
            <field name="code">model.cron_caea_timeout()</field>
            <field name="state">code</field>
        </record>

        <record id="send_caea_invoices" model="ir.cron">
            <field name="name">Send caea invoices</field>
            <field name="interval_number">1</field>
            <field name="interval_type">days</field>
            <field name="numbercall">-1</field>
            <field eval="(DateTime.now().replace(hour=2, minute=0) + timedelta(hours=24)).strftime('%Y-%m-%d %H:%M:%S')" name="nextcall"/>
            <field eval="False" name="doall"/>
            <field name="model_id" ref="model_afipws_caea"/>
            <field name="code">model.cron_send_caea_invoices()</field>
            <field name="state">code</field>
        </record>
    </data>
</odoo>