<?xml version="1.0" ?>
<odoo>

    <!-- Mail template is done in a NOUPDATE block
         so users can freely customize/delete them -->
    <data noupdate="1">

        <!--Email template -->
        <record id="email_template_edi_payment_group" model="mail.template">
            <field name="name">Customer/Supplier Payment - Send by Email</field>
            <field name="subject">{{object.company_id.name}} {{object.partner_type == 'supplier' and 'Payment Order' or 'Receipt'}} {{object.display_name or 'n/a'}}</field>
            <field name="partner_to">{{ object.partner_id.id }}</field>
            <field name="model_id" ref="account_payment_group.model_account_payment_group"/>
            <field name="auto_delete" eval="True"/>
            <field name="report_name">{{(object.partner_type == 'supplier' and 'Payment_order_' or 'Receipt_' + object.display_name or '').replace('/','_')}}</field>
            <field name="report_template" ref="account_payment_group.action_report_payment_group"/>
            <field name="lang">{{object.partner_id.lang}}</field>
            <field name="body_html" type="html">
<div style="margin: 0px; padding: 0px;">
    <p style="margin: 0px; padding: 0px; font-size: 13px;">
        Dear <t t-out="object.partner_id.name or ''">Azure Interior</t><br/><br/>
        Thank you for your payment.
        Here is your <t t-out="object.partner_type == 'supplier' and 'Payment order' or 'Receipt'"/> <strong t-out="(object.name or '').replace('/','-') or ''">BNK1-2021-05-0002</strong> amounting
        to <strong t-out="format_amount(object.payments_amount, object.currency_id) or ''">$ 10.00</strong> from <t t-out="object.company_id.name or ''">YourCompany</t>.
        <br /><br />
        Do not hesitate to contact us if you have any questions.
        <br/><br/>
        Best regards,
        <t t-if="user.signature">
            <br/>
            <t t-out="user.signature or ''">--<br/>Mitchell Admin</t>
        </t>
    </p>
</div>
</field>
        </record>
    </data>
</odoo>
